Title,URL
Idli Recipe (Idli Batter Recipe with Pro Tips),URL not found
Savory French Toast,https://www.indianhealthyrecipes.com/savory-french-toast/
Mooli Paratha,https://www.indianhealthyrecipes.com/mooli-paratha/
Gobi Paratha (Cauliflower Paratha),https://www.indianhealthyrecipes.com/gobi-paratha/
Poha Recipe (Spiced Flattened Rice),https://www.indianhealthyrecipes.com/poha-recipe-kanda-batata-poha/
Moong Dal Chilla Recipe (Lentil Pancakes),https://www.indianhealthyrecipes.com/moong-dal-chilla/
Bread Upma Recipe (Bread Poha),https://www.indianhealthyrecipes.com/bread-upma-recipe/
"Upma Recipe, How to Make Rava Upma",https://www.indianhealthyrecipes.com/upma-recipe-how-to-make-upma/
Moong Dal Dosa,https://www.indianhealthyrecipes.com/instant-pesarattu-moong-dal-dosa-recipe/
Besan Chilla Recipe (Cheela),https://www.indianhealthyrecipes.com/cheela-recipe/
Idli Recipe (Idli Batter Recipe with Pro Tips),https://www.indianhealthyrecipes.com/soft-idli-recipe-using-idli-rava/
"Dosa Recipe, How to Make Dosa Batter",https://www.indianhealthyrecipes.com/dosa-recipe-dosa-batter/
Oats Chilla Recipe,https://www.indianhealthyrecipes.com/oats-chilla-recipe-oats-cheela/
Rava Idli Recipe | Instant Idli with Suji,https://www.indianhealthyrecipes.com/rava-idli-recipe/
Aloo Paratha Recipe | Potato Stuffed Paratha,https://www.indianhealthyrecipes.com/aloo-paratha/
Medu Vada Recipe (Garelu),https://www.indianhealthyrecipes.com/garelu-medhu-vadai-recipe/
Handvo Recipe (Baked & Stovetop),https://www.indianhealthyrecipes.com/handvo/
"Poori Recipe, How to make Puri",https://www.indianhealthyrecipes.com/poori-recipe-puri-recipe/
Brown Rice Dosa,https://www.indianhealthyrecipes.com/brown-rice-dosa/
Wheat Dosa | Godhuma Dosa,https://www.indianhealthyrecipes.com/wheat-dosa-recipe-wheat-uttapam-step-by-step-pics/
Bhatura Recipe (2 Ways),https://www.indianhealthyrecipes.com/bhatura/
Semiya Upma Recipe (Vermicelli Upma),https://www.indianhealthyrecipes.com/semiya-upma-vermicelli-upma-recipe/
Masala Dosa Recipe,https://www.indianhealthyrecipes.com/masala-dosa-recipe/
Sabudana Khichdi Recipe (Fluffy & Non-sticky),https://www.indianhealthyrecipes.com/sabudana-khichdi-recipe/
Rava Uttapam (Sooji Uttapam),https://www.indianhealthyrecipes.com/rava-uttapam-recipe/
Oats Dosa Recipe,https://www.indianhealthyrecipes.com/oats-dosa-recipe-using-urad-dal-dosa-batter/
Idli Sambar Recipe (Tiffin Sambar),https://www.indianhealthyrecipes.com/idli-sambar-recipe-tiffin-sambar/
Mixed Dal Dosa | Lentil Dosa without Rice,https://www.indianhealthyrecipes.com/mixed-dal-dosa/
Pesarattu recipe,https://www.indianhealthyrecipes.com/andhra-pesarattu-whole-moong-dosa/
Oats Upma Recipe,https://www.indianhealthyrecipes.com/oats-upma/
Paniyaram Recipe | Kuzhi Paniyaram,https://www.indianhealthyrecipes.com/paniyaram-recipe-kuzhi-paniyaram/
Thepla Recipe,https://www.indianhealthyrecipes.com/methi-thepla-recipe/
Rava Dosa Recipe | Crispy Suji Dosa,https://www.indianhealthyrecipes.com/rava-dosa/
Rava Kesari Recipe (Kesari Bath),https://www.indianhealthyrecipes.com/rava-kesari/
Kothu Parotta | Kothu Roti,https://www.indianhealthyrecipes.com/kothu-parotta/
Strawberry Milkshake Recipe,https://www.indianhealthyrecipes.com/strawberry-milkshake/
Spinach Omelette Recipe (Palak omelet),https://www.indianhealthyrecipes.com/spinach-omelette-palak-omelet-recipe/
Cheese Dosa Recipe,https://www.indianhealthyrecipes.com/cheese-dosa-recipe/
Neer Dosa Recipe,https://www.indianhealthyrecipes.com/neer-dosa-recipe/
Akki Roti (Rice Flour Roti),https://www.indianhealthyrecipes.com/akki-roti-recipe-akki-rotti/
Adai Recipe | Adai Dosa,https://www.indianhealthyrecipes.com/adai-recipe-adai-dosa/
Oats idli,https://www.indianhealthyrecipes.com/oats-idli-recipe/
Palak Paratha (Spinach Paratha),https://www.indianhealthyrecipes.com/palak-paratha-recipe-spinach-paratha/
Methi Paratha Recipe (Methi Roti),https://www.indianhealthyrecipes.com/methi-paratha-recipe-easy-lunch-box-recipe-with-step-by-step-pics/
Paratha Recipe,https://www.indianhealthyrecipes.com/paratha-recipe-plain-paratha/
Egg Toast Recipe (Egg & Bread Toast),https://www.indianhealthyrecipes.com/egg-bread-toast-recipe/
Set Dosa Recipe (Sponge Dosa),https://www.indianhealthyrecipes.com/set-dosa-recipe/
Millet Dosa (Kambu Dosa),https://www.indianhealthyrecipes.com/kambu-dosai-recipe/
Appe Recipe,https://www.indianhealthyrecipes.com/appe-recipe/
Tomato Upma,https://www.indianhealthyrecipes.com/tomato-upma-recipe/
Mix veg paratha (Vegetable paratha),https://www.indianhealthyrecipes.com/veg-paratha-recipe/
Aval upma recipe | Poha upma,https://www.indianhealthyrecipes.com/aval-upma-poha-upma/
Ragi Dosa Recipe,https://www.indianhealthyrecipes.com/ragi-dosa-recipe/
Bread Pakora Recipe (Bread Pakoda),https://www.indianhealthyrecipes.com/bread-pakora-recipe/
Idli Upma Recipe (Leftover Idli Recipes),https://www.indianhealthyrecipes.com/idli-upma-recipe/
Ragi roti (Ragi rotti â€“ 2 ways),https://www.indianhealthyrecipes.com/ragi-roti-recipe/
Podi Idli Recipe (Podi Mini Idli),https://www.indianhealthyrecipes.com/podi-idli-recipe/
Punugulu Recipe (Punukulu with Idli Dosa Batter),https://www.indianhealthyrecipes.com/andhra-special-crispy-punugulu-punukkulu-urad-dal-bonda/
Ragi idli recipe (soft & fluffy nachni idli),https://www.indianhealthyrecipes.com/ragi-idli-recipe-nachni-idli/
Dalia recipe (2 ways),https://www.indianhealthyrecipes.com/dalia-khichdi-recipe-dalia-recipe-baby/
Kathi Roll Recipe,https://www.indianhealthyrecipes.com/kathi-rolls-recipe-make-kati-rolls/
